processed sample name,aliquot #,aliquot name,sample type,volume initial
PR-231031-DNI-R1,1,PR-231031-DNI-R1-A1,DNI,20
PR-231031-DNI-R1,2,PR-231031-DNI-R1-A2,DNI,15
PR-231031-DNI-R1,3,PR-231031-DNI-R1-A3,DNI,10
PR-231031-DSI-R1,1,PR-231031-DSI-R1-A1,DSI,20
PR-231031-DSI-R1,2,PR-231031-DSI-R1-A2,DSI,15
PR-231031-DSI-R1,3,PR-231031-DSI-R1-A3,DSI,10
PR-231031-DCS-R1,1,PR-231031-DCS-R1-A1,DCS,20
PR-231031-DCS-R1,2,PR-231031-DCS-R1-A2,DCS,15
PR-231031-DCS-R1,3,PR-231031-DCS-R1-A3,DCS,10
PR-231031-NEG-R1,1,PR-231031-NEG-R1-A1,neg,20
PR-231031-NEG-R1,2,PR-231031-NEG-R1-A2,neg,15
PR-231031-NEG-R1,3,PR-231031-NEG-R1-A3,neg,10
PR-231101-DNI-R1,1,PR-231101-DNI-R1-A1,DNI,20
PR-231101-DNI-R1,2,PR-231101-DNI-R1-A2,DNI,15
PR-231101-DNI-R1,3,PR-231101-DNI-R1-A3,DNI,8
PR-231101-DNI-R2,1,PR-231101-DNI-R2-A1,DNI,20
PR-231101-DNI-R2,2,PR-231101-DNI-R2-A2,DNI,15
PR-231101-DNI-R2,3,PR-231101-DNI-R2-A3,DNI,8
PR-231101-DSI-R1,1,PR-231101-DSI-R1-A1,DSI,20
PR-231101-DSI-R1,2,PR-231101-DSI-R1-A2,DSI,15
PR-231101-DSI-R1,3,PR-231101-DSI-R1-A3,DSI,8
PR-231101-DSI-R2,1,PR-231101-DSI-R2-A1,DSI,20
PR-231101-DSI-R2,2,PR-231101-DSI-R2-A2,DSI,15
PR-231101-DSI-R2,3,PR-231101-DSI-R2-A3,DSI,8
PR-231101-DCS-R1,1,PR-231101-DCS-R1-A1,DCS,20
PR-231101-DCS-R1,2,PR-231101-DCS-R1-A2,DCS,15
PR-231101-DCS-R1,3,PR-231101-DCS-R1-A3,DCS,8
PR-231101-DCS-R2,1,PR-231101-DCS-R2-A1,DCS,20
PR-231101-DCS-R2,2,PR-231101-DCS-R2-A2,DCS,15
PR-231101-DCS-R2,3,PR-231101-DCS-R2-A3,DCS,8
PR-231101-NEG-R1,1,PR-231101-NEG-R1-A1,neg,20
PR-231101-NEG-R1,2,PR-231101-NEG-R1-A2,neg,15
PR-231101-NEG-R1,3,PR-231101-NEG-R1-A3,neg,8
PR-231102-DNI-R1,1,PR-231102-DNI-R1-A1,DNI,20
PR-231102-DNI-R1,2,PR-231102-DNI-R1-A2,DNI,15
PR-231102-DNI-R1,3,PR-231102-DNI-R1-A3,DNI,8
PR-231102-DNI-R2,1,PR-231102-DNI-R2-A1,DNI,20
PR-231102-DNI-R2,2,PR-231102-DNI-R2-A2,DNI,15
PR-231102-DNI-R2,3,PR-231102-DNI-R2-A3,DNI,8
PR-231102-DSI-R1,1,PR-231102-DSI-R1-A1,DSI,20
PR-231102-DSI-R1,2,PR-231102-DSI-R1-A2,DSI,15
PR-231102-DSI-R1,3,PR-231102-DSI-R1-A3,DSI,8
PR-231102-DSI-R2,1,PR-231102-DSI-R2-A1,DSI,20
PR-231102-DSI-R2,2,PR-231102-DSI-R2-A2,DSI,15
PR-231102-DSI-R2,3,PR-231102-DSI-R2-A3,DSI,8
PR-231102-DCS-R1,1,PR-231102-DCS-R1-A1,DCS,20
PR-231102-DCS-R1,2,PR-231102-DCS-R1-A2,DCS,15
PR-231102-DCS-R1,3,PR-231102-DCS-R1-A3,DCS,8
PR-231102-DCS-R2,1,PR-231102-DCS-R2-A1,DCS,20
PR-231102-DCS-R2,2,PR-231102-DCS-R2-A2,DCS,15
PR-231102-DCS-R2,3,PR-231102-DCS-R2-A3,DCS,8
PR-231102-NEG-R1,1,PR-231102-NEG-R1-A1,neg,20
PR-231102-NEG-R1,2,PR-231102-NEG-R1-A2,neg,15
PR-231102-NEG-R1,3,PR-231102-NEG-R1-A3,neg,8
PR-231103-DNI-R1,1,PR-231103-DNI-R1-A1,DNI,20
PR-231103-DNI-R1,2,PR-231103-DNI-R1-A2,DNI,15
PR-231103-DNI-R1,3,PR-231103-DNI-R1-A3,DNI,8
PR-231103-DSI-R1,1,PR-231103-DSI-R1-A1,DSI,20
PR-231103-DSI-R1,2,PR-231103-DSI-R1-A2,DSI,15
PR-231103-DSI-R1,3,PR-231103-DSI-R1-A3,DSI,8
PR-231103-DCS-R1,1,PR-231103-DCS-R1-A1,DCS,20
PR-231103-DCS-R1,2,PR-231103-DCS-R1-A2,DCS,15
PR-231103-DCS-R1,3,PR-231103-DCS-R1-A3,DCS,8
PR-231103-NEG-R1,1,PR-231103-NEG-R1-A1,neg,20
PR-231103-NEG-R1,2,PR-231103-NEG-R1-A2,neg,15
PR-231103-NEG-R1,3,PR-231103-NEG-R1-A3,neg,6
PR-231106-DNI-R1,1,PR-231106-DNI-R1-A1,DNI,20
PR-231106-DNI-R1,2,PR-231106-DNI-R1-A2,DNI,15
PR-231106-DNI-R1,3,PR-231106-DNI-R1-A3,DNI,8
PR-231106-DSI-R1,1,PR-231106-DSI-R1-A1,DSI,20
PR-231106-DSI-R1,2,PR-231106-DSI-R1-A2,DSI,15
PR-231106-DSI-R1,3,PR-231106-DSI-R1-A3,DSI,8
PR-231106-DCS-R1,1,PR-231106-DCS-R1-A1,DCS,20
PR-231106-DCS-R1,2,PR-231106-DCS-R1-A2,DCS,15
PR-231106-DCS-R1,3,PR-231106-DCS-R1-A3,DCS,8
PR-231106-NEG-R1,1,PR-231106-NEG-R1-A1,neg,20
PR-231106-NEG-R1,2,PR-231106-NEG-R1-A2,neg,15
PR-231106-NEG-R1,3,PR-231106-NEG-R1-A3,neg,8
PR-231107-DNI-R1,1,PR-231107-DNI-R1-A1,DNI,15
PR-231107-DNI-R1,2,PR-231107-DNI-R1-A2,DNI,15
PR-231107-DNI-R1,3,PR-231107-DNI-R1-A3,DNI,20
PR-231107-DSI-R1,1,PR-231107-DSI-R1-A1,DSI,15
PR-231107-DSI-R1,2,PR-231107-DSI-R1-A2,DSI,15
PR-231107-DSI-R1,3,PR-231107-DSI-R1-A3,DSI,20
PR-231107-DCS-R1,1,PR-231107-DCS-R1-A1,DCS,15
PR-231107-DCS-R1,2,PR-231107-DCS-R1-A2,DCS,15
PR-231107-DCS-R1,3,PR-231107-DCS-R1-A3,DCS,20
PR-231107-NEG-R1,1,PR-231107-NEG-R1-A1,neg,15
PR-231107-NEG-R1,2,PR-231107-NEG-R1-A2,neg,15
PR-231107-NEG-R1,3,PR-231107-NEG-R1-A3,neg,20
PR-231108-DNI-R1,1,PR-231108-DNI-R1-A1,DNI,15
PR-231108-DNI-R1,2,PR-231108-DNI-R1-A2,DNI,15
PR-231108-DNI-R1,3,PR-231108-DNI-R1-A3,DNI,15
PR-231108-DSI-R1,1,PR-231108-DSI-R1-A1,DSI,15
PR-231108-DSI-R1,2,PR-231108-DSI-R1-A2,DSI,15
PR-231108-DSI-R1,3,PR-231108-DSI-R1-A3,DSI,15
PR-231108-DCS-R1,1,PR-231108-DCS-R1-A1,DCS,15
PR-231108-DCS-R1,2,PR-231108-DCS-R1-A2,DCS,15
PR-231108-DCS-R1,3,PR-231108-DCS-R1-A3,DCS,15
PR-231108-NEG-R1,1,PR-231108-NEG-R1-A1,neg,15
PR-231108-NEG-R1,2,PR-231108-NEG-R1-A2,neg,15
PR-231108-NEG-R1,3,PR-231108-NEG-R1-A3,neg,15
PR-231109-DNI-R1,1,PR-231109-DNI-R1-A1,DNI,15
PR-231109-DNI-R1,2,PR-231109-DNI-R1-A2,DNI,15
PR-231109-DNI-R1,3,PR-231109-DNI-R1-A3,DNI,15
PR-231109-DSI-R1,1,PR-231109-DSI-R1-A1,DSI,15
PR-231109-DSI-R1,2,PR-231109-DSI-R1-A2,DSI,15
PR-231109-DSI-R1,3,PR-231109-DSI-R1-A3,DSI,15
PR-231109-DCS-R1,1,PR-231109-DCS-R1-A1,DCS,15
PR-231109-DCS-R1,2,PR-231109-DCS-R1-A2,DCS,15
PR-231109-DCS-R1,3,PR-231109-DCS-R1-A3,DCS,15
PR-231109-NEG-R1,1,PR-231109-NEG-R1-A1,neg,15
PR-231109-NEG-R1,2,PR-231109-NEG-R1-A2,neg,15
PR-231109-NEG-R1,3,PR-231109-NEG-R1-A3,neg,15
PR-231113-DNI-R1,1,PR-231113-DNI-R1-A1,DNI,15
PR-231113-DNI-R1,2,PR-231113-DNI-R1-A2,DNI,15
PR-231113-DNI-R1,3,PR-231113-DNI-R1-A3,DNI,15
PR-231113-DSI-R1,1,PR-231113-DSI-R1-A1,DSI,15
PR-231113-DSI-R1,2,PR-231113-DSI-R1-A2,DSI,15
PR-231113-DSI-R1,3,PR-231113-DSI-R1-A3,DSI,15
PR-231113-DCS-R1,1,PR-231113-DCS-R1-A1,DCS,15
PR-231113-DCS-R1,2,PR-231113-DCS-R1-A2,DCS,15
PR-231113-DCS-R1,3,PR-231113-DCS-R1-A3,DCS,15
PR-231113-NEG-R1,1,PR-231113-NEG-R1-A1,neg,15
PR-231113-NEG-R1,2,PR-231113-NEG-R1-A2,neg,15
PR-231113-NEG-R1,3,PR-231113-NEG-R1-A3,neg,15
PR-231113-BST-R1,1,PR-231113-BST-R1-A1,BST,15
PR-231113-BST-R1,2,PR-231113-BST-R1-A2,BST,15
PR-231113-BST-R1,3,PR-231113-BST-R1-A3,BST,15
PR-231113-BST-R2,1,PR-231113-BST-R2-A1,BST,15
PR-231113-BST-R2,2,PR-231113-BST-R2-A2,BST,15
PR-231113-BST-R2,3,PR-231113-BST-R2-A3,BST,15
PR-231114-DNI-R1,1,PR-231114-DNI-R1-A1,DNI,15
PR-231114-DNI-R1,2,PR-231114-DNI-R1-A2,DNI,15
PR-231114-DNI-R1,3,PR-231114-DNI-R1-A3,DNI,15
PR-231114-DNI-R2,1,PR-231114-DNI-R2-A1,DNI,15
PR-231114-DNI-R2,2,PR-231114-DNI-R2-A2,DNI,15
PR-231114-DNI-R2,3,PR-231114-DNI-R2-A3,DNI,15
PR-231114-DSI-R1,1,PR-231114-DSI-R1-A1,DSI,15
PR-231114-DSI-R1,2,PR-231114-DSI-R1-A2,DSI,15
PR-231114-DSI-R1,3,PR-231114-DSI-R1-A3,DSI,15
PR-231114-DSI-R2,1,PR-231114-DSI-R2-A1,DSI,15
PR-231114-DSI-R2,2,PR-231114-DSI-R2-A2,DSI,15
PR-231114-DSI-R2,3,PR-231114-DSI-R2-A3,DSI,15
PR-231114-DCS-R1,1,PR-231114-DCS-R1-A1,DCS,15
PR-231114-DCS-R1,2,PR-231114-DCS-R1-A2,DCS,15
PR-231114-DCS-R1,3,PR-231114-DCS-R1-A3,DCS,15
PR-231114-DCS-R2,1,PR-231114-DCS-R2-A1,DCS,15
PR-231114-DCS-R2,2,PR-231114-DCS-R2-A2,DCS,15
PR-231114-DCS-R2,3,PR-231114-DCS-R2-A3,DCS,15
PR-231114-NEG-R1,1,PR-231114-NEG-R1-A1,neg,15
PR-231114-NEG-R1,2,PR-231114-NEG-R1-A2,neg,15
PR-231114-NEG-R1,3,PR-231114-NEG-R1-A3,neg,15
PR-231114-BST-R1,1,PR-231114-BST-R1-A1,BST,15
PR-231114-BST-R1,2,PR-231114-BST-R1-A2,BST,15
PR-231114-BST-R1,3,PR-231114-BST-R1-A3,BST,15
PR-231114-BST-R2,1,PR-231114-BST-R2-A1,BST,15
PR-231114-BST-R2,2,PR-231114-BST-R2-A2,BST,15
PR-231114-BST-R2,3,PR-231114-BST-R2-A3,BST,15
PR-231115-DNI-R1,1,PR-231115-DNI-R1-A1,DNI,15
PR-231115-DNI-R1,2,PR-231115-DNI-R1-A2,DNI,15
PR-231115-DNI-R1,3,PR-231115-DNI-R1-A3,DNI,15
PR-231115-DNI-R2,1,PR-231115-DNI-R2-A1,DNI,15
PR-231115-DNI-R2,2,PR-231115-DNI-R2-A2,DNI,15
PR-231115-DNI-R2,3,PR-231115-DNI-R2-A3,DNI,15
PR-231115-DSI-R1,1,PR-231115-DSI-R1-A1,DSI,15
PR-231115-DSI-R1,2,PR-231115-DSI-R1-A2,DSI,15
PR-231115-DSI-R1,3,PR-231115-DSI-R1-A3,DSI,15
PR-231115-DSI-R2,1,PR-231115-DSI-R2-A1,DSI,15
PR-231115-DSI-R2,2,PR-231115-DSI-R2-A2,DSI,15
PR-231115-DSI-R2,3,PR-231115-DSI-R2-A3,DSI,15
PR-231115-DCS-R1,1,PR-231115-DCS-R1-A1,DCS,15
PR-231115-DCS-R1,2,PR-231115-DCS-R1-A2,DCS,15
PR-231115-DCS-R1,3,PR-231115-DCS-R1-A3,DCS,15
PR-231115-DCS-R2,1,PR-231115-DCS-R2-A1,DCS,15
PR-231115-DCS-R2,2,PR-231115-DCS-R2-A2,DCS,15
PR-231115-DCS-R2,3,PR-231115-DCS-R2-A3,DCS,15
PR-231115-NEG-R1,1,PR-231115-NEG-R1-A1,neg,15
PR-231115-NEG-R1,2,PR-231115-NEG-R1-A2,neg,15
PR-231115-NEG-R1,3,PR-231115-NEG-R1-A3,neg,15
PR-231115-BST-R1,1,PR-231115-BST-R1-A1,BST,15
PR-231115-BST-R1,2,PR-231115-BST-R1-A2,BST,15
PR-231115-BST-R1,3,PR-231115-BST-R1-A3,BST,15
PR-231115-BST-R2,1,PR-231115-BST-R2-A1,BST,15
PR-231115-BST-R2,2,PR-231115-BST-R2-A2,BST,15
PR-231115-BST-R2,3,PR-231115-BST-R2-A3,BST,15
PR-231116-DNI-R1,1,PR-231116-DNI-R1-A1,DNI,15
PR-231116-DNI-R1,2,PR-231116-DNI-R1-A2,DNI,15
PR-231116-DNI-R1,3,PR-231116-DNI-R1-A3,DNI,15
PR-231116-DSI-R1,1,PR-231116-DSI-R1-A1,DSI,15
PR-231116-DSI-R1,2,PR-231116-DSI-R1-A2,DSI,15
PR-231116-DSI-R1,3,PR-231116-DSI-R1-A3,DSI,15
PR-231116-DCS-R1,1,PR-231116-DCS-R1-A1,DCS,15
PR-231116-DCS-R1,2,PR-231116-DCS-R1-A2,DCS,15
PR-231116-DCS-R1,3,PR-231116-DCS-R1-A3,DCS,15
PR-231116-NEG-R1,1,PR-231116-NEG-R1-A1,neg,15
PR-231116-NEG-R1,2,PR-231116-NEG-R1-A2,neg,15
PR-231116-NEG-R1,3,PR-231116-NEG-R1-A3,neg,15
PR-231117-DNI-R1,1,PR-231117-DNI-R1-A1,DNI,15
PR-231117-DNI-R1,2,PR-231117-DNI-R1-A2,DNI,15
PR-231117-DNI-R1,3,PR-231117-DNI-R1-A3,DNI,15
PR-231117-DSI-R1,1,PR-231117-DSI-R1-A1,DSI,15
PR-231117-DSI-R1,2,PR-231117-DSI-R1-A2,DSI,15
PR-231117-DSI-R1,3,PR-231117-DSI-R1-A3,DSI,15
PR-231117-DCS-R1,1,PR-231117-DCS-R1-A1,DCS,15
PR-231117-DCS-R1,2,PR-231117-DCS-R1-A2,DCS,15
PR-231117-DCS-R1,3,PR-231117-DCS-R1-A3,DCS,15
PR-231117-NEG-R1,1,PR-231117-NEG-R1-A1,neg,15
PR-231117-NEG-R1,2,PR-231117-NEG-R1-A2,neg,15
PR-231117-NEG-R1,3,PR-231117-NEG-R1-A3,neg,15
PR-231117-BST-R1,1,PR-231117-BST-R1-A1,BST,15
PR-231117-BST-R1,2,PR-231117-BST-R1-A2,BST,15
PR-231117-BST-R1,3,PR-231117-BST-R1-A3,BST,15
PR-231117-BST-R2,1,PR-231117-BST-R2-A1,BST,15
PR-231117-BST-R2,2,PR-231117-BST-R2-A2,BST,15
PR-231117-BST-R2,3,PR-231117-BST-R2-A3,BST,15
PR-231120-DNI-R1,1,PR-231120-DNI-R1-A1,DNI,15
PR-231120-DNI-R1,2,PR-231120-DNI-R1-A2,DNI,15
PR-231120-DNI-R1,3,PR-231120-DNI-R1-A3,DNI,15
PR-231120-DNI-R2,1,PR-231120-DNI-R2-A1,DNI,15
PR-231120-DNI-R2,2,PR-231120-DNI-R2-A2,DNI,15
PR-231120-DNI-R2,3,PR-231120-DNI-R2-A3,DNI,15
PR-231120-DSI-R1,1,PR-231120-DSI-R1-A1,DSI,15
PR-231120-DSI-R1,2,PR-231120-DSI-R1-A2,DSI,15
PR-231120-DSI-R1,3,PR-231120-DSI-R1-A3,DSI,15
PR-231120-DSI-R2,1,PR-231120-DSI-R2-A1,DSI,15
PR-231120-DSI-R2,2,PR-231120-DSI-R2-A2,DSI,15
PR-231120-DSI-R2,3,PR-231120-DSI-R2-A3,DSI,15
PR-231120-DCS-R1,1,PR-231120-DCS-R1-A1,DCS,15
PR-231120-DCS-R1,2,PR-231120-DCS-R1-A2,DCS,15
PR-231120-DCS-R1,3,PR-231120-DCS-R1-A3,DCS,15
PR-231120-DCS-R2,1,PR-231120-DCS-R2-A1,DCS,15
PR-231120-DCS-R2,2,PR-231120-DCS-R2-A2,DCS,15
PR-231120-DCS-R2,3,PR-231120-DCS-R2-A3,DCS,15
PR-231120-NEG-R1,1,PR-231120-NEG-R1-A1,neg,15
PR-231120-NEG-R1,2,PR-231120-NEG-R1-A2,neg,15
PR-231120-NEG-R1,3,PR-231120-NEG-R1-A3,neg,15
PR-231120-BST-R1,1,PR-231120-BST-R1-A1,BST,15
PR-231120-BST-R1,2,PR-231120-BST-R1-A2,BST,15
PR-231120-BST-R1,3,PR-231120-BST-R1-A3,BST,15
PR-231120-BST-R2,1,PR-231120-BST-R2-A1,BST,15
PR-231120-BST-R2,2,PR-231120-BST-R2-A2,BST,15
PR-231120-BST-R2,3,PR-231120-BST-R2-A3,BST,15
PR-231121-DNI-R1,1,PR-231121-DNI-R1-A1,DNI,15
PR-231121-DNI-R1,2,PR-231121-DNI-R1-A2,DNI,15
PR-231121-DNI-R1,3,PR-231121-DNI-R1-A3,DNI,15
PR-231121-DNI-R2,1,PR-231121-DNI-R2-A1,DNI,15
PR-231121-DNI-R2,2,PR-231121-DNI-R2-A2,DNI,15
PR-231121-DNI-R2,3,PR-231121-DNI-R2-A3,DNI,15
PR-231121-DSI-R1,1,PR-231121-DSI-R1-A1,DSI,15
PR-231121-DSI-R1,2,PR-231121-DSI-R1-A2,DSI,15
PR-231121-DSI-R1,3,PR-231121-DSI-R1-A3,DSI,15
PR-231121-DSI-R2,1,PR-231121-DSI-R2-A1,DSI,15
PR-231121-DSI-R2,2,PR-231121-DSI-R2-A2,DSI,15
PR-231121-DSI-R2,3,PR-231121-DSI-R2-A3,DSI,15
PR-231121-DCS-R1,1,PR-231121-DCS-R1-A1,DCS,15
PR-231121-DCS-R1,2,PR-231121-DCS-R1-A2,DCS,15
PR-231121-DCS-R1,3,PR-231121-DCS-R1-A3,DCS,15
PR-231121-DCS-R2,1,PR-231121-DCS-R2-A1,DCS,15
PR-231121-DCS-R2,2,PR-231121-DCS-R2-A2,DCS,15
PR-231121-DCS-R2,3,PR-231121-DCS-R2-A3,DCS,15
PR-231121-NEG-R1,1,PR-231121-NEG-R1-A1,neg,15
PR-231121-NEG-R1,2,PR-231121-NEG-R1-A2,neg,15
PR-231121-NEG-R1,3,PR-231121-NEG-R1-A3,neg,15
PR-231121-BST-R1,1,PR-231121-BST-R1-A1,BST,15
PR-231121-BST-R1,2,PR-231121-BST-R1-A2,BST,15
PR-231121-BST-R1,3,PR-231121-BST-R1-A3,BST,15
PR-231121-BST-R2,1,PR-231121-BST-R2-A1,BST,15
PR-231121-BST-R2,2,PR-231121-BST-R2-A2,BST,15
PR-231121-BST-R2,3,PR-231121-BST-R2-A3,BST,15
PR-231122-DNI-R1,1,PR-231122-DNI-R1-A1,DNI,15
PR-231122-DNI-R1,2,PR-231122-DNI-R1-A2,DNI,15
PR-231122-DNI-R1,3,PR-231122-DNI-R1-A3,DNI,15
PR-231122-DSI-R1,1,PR-231122-DSI-R1-A1,DSI,15
PR-231122-DSI-R1,2,PR-231122-DSI-R1-A2,DSI,15
PR-231122-DSI-R1,3,PR-231122-DSI-R1-A3,DSI,15
PR-231122-DCS-R1,1,PR-231122-DCS-R1-A1,DCS,15
PR-231122-DCS-R1,2,PR-231122-DCS-R1-A2,DCS,15
PR-231122-DCS-R1,3,PR-231122-DCS-R1-A3,DCS,15
PR-231122-NEG-R1,1,PR-231122-NEG-R1-A1,neg,15
PR-231122-NEG-R1,2,PR-231122-NEG-R1-A2,neg,15
PR-231122-NEG-R1,3,PR-231122-NEG-R1-A3,neg,15
PR-231127-DNI-R1,1,PR-231127-DNI-R1-A1,DNI,15
PR-231127-DNI-R1,2,PR-231127-DNI-R1-A2,DNI,15
PR-231127-DNI-R1,3,PR-231127-DNI-R1-A3,DNI,15
PR-231127-DNI-R2,1,PR-231127-DNI-R2-A1,DNI,15
PR-231127-DNI-R2,2,PR-231127-DNI-R2-A2,DNI,15
PR-231127-DNI-R2,3,PR-231127-DNI-R2-A3,DNI,15
PR-231127-DSI-R1,1,PR-231127-DSI-R1-A1,DSI,15
PR-231127-DSI-R1,2,PR-231127-DSI-R1-A2,DSI,15
PR-231127-DSI-R1,3,PR-231127-DSI-R1-A3,DSI,15
PR-231127-DSI-R2,1,PR-231127-DSI-R2-A1,DSI,15
PR-231127-DSI-R2,2,PR-231127-DSI-R2-A2,DSI,15
PR-231127-DSI-R2,3,PR-231127-DSI-R2-A3,DSI,15
PR-231127-DCS-R1,1,PR-231127-DCS-R1-A1,DCS,15
PR-231127-DCS-R1,2,PR-231127-DCS-R1-A2,DCS,15
PR-231127-DCS-R1,3,PR-231127-DCS-R1-A3,DCS,15
PR-231127-DCS-R2,1,PR-231127-DCS-R2-A1,DCS,15
PR-231127-DCS-R2,2,PR-231127-DCS-R2-A2,DCS,15
PR-231127-DCS-R2,3,PR-231127-DCS-R2-A3,DCS,15
PR-231127-NEG-R1,1,PR-231127-NEG-R1-A1,neg,15
PR-231127-NEG-R1,2,PR-231127-NEG-R1-A2,neg,15
PR-231127-NEG-R1,3,PR-231127-NEG-R1-A3,neg,15
PR-231127-BST-R1,1,PR-231127-BST-R1-A1,BST,15
PR-231127-BST-R1,2,PR-231127-BST-R1-A2,BST,15
PR-231127-BST-R1,3,PR-231127-BST-R1-A3,BST,15
PR-231127-BST-R2,1,PR-231127-BST-R2-A1,BST,15
PR-231127-BST-R2,2,PR-231127-BST-R2-A2,BST,15
PR-231127-BST-R2,3,PR-231127-BST-R2-A3,BST,15
PR-231128-DNI-R1,1,PR-231128-DNI-R1-A1,DNI,15
PR-231128-DNI-R1,2,PR-231128-DNI-R1-A2,DNI,15
PR-231128-DNI-R1,3,PR-231128-DNI-R1-A3,DNI,15
PR-231128-DNI-R2,1,PR-231128-DNI-R2-A1,DNI,15
PR-231128-DNI-R2,2,PR-231128-DNI-R2-A2,DNI,15
PR-231128-DNI-R2,3,PR-231128-DNI-R2-A3,DNI,15
PR-231128-DSI-R1,1,PR-231128-DSI-R1-A1,DSI,15
PR-231128-DSI-R1,2,PR-231128-DSI-R1-A2,DSI,15
PR-231128-DSI-R1,3,PR-231128-DSI-R1-A3,DSI,15
PR-231128-DSI-R2,1,PR-231128-DSI-R2-A1,DSI,15
PR-231128-DSI-R2,2,PR-231128-DSI-R2-A2,DSI,15
PR-231128-DSI-R2,3,PR-231128-DSI-R2-A3,DSI,15
PR-231128-DCS-R1,1,PR-231128-DCS-R1-A1,DCS,15
PR-231128-DCS-R1,2,PR-231128-DCS-R1-A2,DCS,15
PR-231128-DCS-R1,3,PR-231128-DCS-R1-A3,DCS,15
PR-231128-DCS-R2,1,PR-231128-DCS-R2-A1,DCS,15
PR-231128-DCS-R2,2,PR-231128-DCS-R2-A2,DCS,15
PR-231128-DCS-R2,3,PR-231128-DCS-R2-A3,DCS,15
PR-231128-NEG-R1,1,PR-231128-NEG-R1-A1,neg,15
PR-231128-NEG-R1,2,PR-231128-NEG-R1-A2,neg,15
PR-231128-NEG-R1,3,PR-231128-NEG-R1-A3,neg,15
PR-231129-DNI-R1,1,PR-231129-DNI-R1-A1,DNI,15
PR-231129-DNI-R1,2,PR-231129-DNI-R1-A2,DNI,15
PR-231129-DNI-R1,3,PR-231129-DNI-R1-A3,DNI,15
PR-231129-DSI-R1,1,PR-231129-DSI-R1-A1,DSI,15
PR-231129-DSI-R1,2,PR-231129-DSI-R1-A2,DSI,15
PR-231129-DSI-R1,3,PR-231129-DSI-R1-A3,DSI,15
PR-231129-DCS-R1,1,PR-231129-DCS-R1-A1,DCS,15
PR-231129-DCS-R1,2,PR-231129-DCS-R1-A2,DCS,15
PR-231129-DCS-R1,3,PR-231129-DCS-R1-A3,DCS,15
PR-231129-NEG-R1,1,PR-231129-NEG-R1-A1,neg,15
PR-231129-NEG-R1,2,PR-231129-NEG-R1-A2,neg,15
PR-231129-NEG-R1,3,PR-231129-NEG-R1-A3,neg,15
PR-231129-BST-R1,1,PR-231129-BST-R1-A1,BST,15
PR-231129-BST-R1,2,PR-231129-BST-R1-A2,BST,15
PR-231129-BST-R1,3,PR-231129-BST-R1-A3,BST,15
PR-231129-BST-R2,1,PR-231129-BST-R2-A1,BST,15
PR-231129-BST-R2,2,PR-231129-BST-R2-A2,BST,15
PR-231129-BST-R2,3,PR-231129-BST-R2-A3,BST,15
PR-231130-DNI-R1,1,PR-231130-DNI-R1-A1,DNI,15
PR-231130-DNI-R1,2,PR-231130-DNI-R1-A2,DNI,15
PR-231130-DNI-R1,3,PR-231130-DNI-R1-A3,DNI,15
PR-231130-DNI-R2,1,PR-231130-DNI-R2-A1,DNI,15
PR-231130-DNI-R2,2,PR-231130-DNI-R2-A2,DNI,15
PR-231130-DNI-R2,3,PR-231130-DNI-R2-A3,DNI,15
PR-231130-DSI-R1,1,PR-231130-DSI-R1-A1,DSI,15
PR-231130-DSI-R1,2,PR-231130-DSI-R1-A2,DSI,15
PR-231130-DSI-R1,3,PR-231130-DSI-R1-A3,DSI,15
PR-231130-DSI-R2,1,PR-231130-DSI-R2-A1,DSI,15
PR-231130-DSI-R2,2,PR-231130-DSI-R2-A2,DSI,15
PR-231130-DSI-R2,3,PR-231130-DSI-R2-A3,DSI,15
PR-231130-DCS-R1,1,PR-231130-DCS-R1-A1,DCS,15
PR-231130-DCS-R1,2,PR-231130-DCS-R1-A2,DCS,15
PR-231130-DCS-R1,3,PR-231130-DCS-R1-A3,DCS,15
PR-231130-DCS-R2,1,PR-231130-DCS-R2-A1,DCS,15
PR-231130-DCS-R2,2,PR-231130-DCS-R2-A2,DCS,15
PR-231130-DCS-R2,3,PR-231130-DCS-R2-A3,DCS,15
PR-231130-NEG-R1,1,PR-231130-NEG-R1-A1,neg,15
PR-231130-NEG-R1,2,PR-231130-NEG-R1-A2,neg,15
PR-231130-NEG-R1,3,PR-231130-NEG-R1-A3,neg,15
PR-231130-BST-R1,1,PR-231130-BST-R1-A1,BST,15
PR-231130-BST-R1,2,PR-231130-BST-R1-A2,BST,15
PR-231130-BST-R1,3,PR-231130-BST-R1-A3,BST,15
PR-231130-BST-R2,1,PR-231130-BST-R2-A1,BST,15
PR-231130-BST-R2,2,PR-231130-BST-R2-A2,BST,15
PR-231130-BST-R2,3,PR-231130-BST-R2-A3,BST,15
PR-231201-DNI-R1,1,PR-231201-DNI-R1-A1,DNI,15
PR-231201-DNI-R1,2,PR-231201-DNI-R1-A2,DNI,15
PR-231201-DNI-R1,3,PR-231201-DNI-R1-A3,DNI,15
PR-231201-DNI-R2,1,PR-231201-DNI-R2-A1,DNI,15
PR-231201-DNI-R2,2,PR-231201-DNI-R2-A2,DNI,15
PR-231201-DNI-R2,3,PR-231201-DNI-R2-A3,DNI,15
PR-231201-DSI-R1,1,PR-231201-DSI-R1-A1,DSI,15
PR-231201-DSI-R1,2,PR-231201-DSI-R1-A2,DSI,15
PR-231201-DSI-R1,3,PR-231201-DSI-R1-A3,DSI,15
PR-231201-DSI-R2,1,PR-231201-DSI-R2-A1,DSI,15
PR-231201-DSI-R2,2,PR-231201-DSI-R2-A2,DSI,15
PR-231201-DSI-R2,3,PR-231201-DSI-R2-A3,DSI,15
PR-231201-DCS-R1,1,PR-231201-DCS-R1-A1,DCS,15
PR-231201-DCS-R1,2,PR-231201-DCS-R1-A2,DCS,15
PR-231201-DCS-R1,3,PR-231201-DCS-R1-A3,DCS,15
PR-231201-DCS-R2,1,PR-231201-DCS-R2-A1,DCS,15
PR-231201-DCS-R2,2,PR-231201-DCS-R2-A2,DCS,15
PR-231201-DCS-R2,3,PR-231201-DCS-R2-A3,DCS,15
PR-231201-NEG-R1,1,PR-231201-NEG-R1-A1,neg,15
PR-231201-NEG-R1,2,PR-231201-NEG-R1-A2,neg,15
PR-231201-NEG-R1,3,PR-231201-NEG-R1-A3,neg,15
PR-231201-BST-R1,1,PR-231201-BST-R1-A1,BST,15
PR-231201-BST-R1,2,PR-231201-BST-R1-A2,BST,15
PR-231201-BST-R1,3,PR-231201-BST-R1-A3,BST,15
PR-231201-BST-R2,1,PR-231201-BST-R2-A1,BST,15
PR-231201-BST-R2,2,PR-231201-BST-R2-A2,BST,15
PR-231201-BST-R2,3,PR-231201-BST-R2-A3,BST,15
PR-231204-DNI-R1,1,PR-231204-DNI-R1-A1,DNI,15
PR-231204-DNI-R1,2,PR-231204-DNI-R1-A2,DNI,15
PR-231204-DNI-R1,3,PR-231204-DNI-R1-A3,DNI,15
PR-231204-DSI-R1,1,PR-231204-DSI-R1-A1,DSI,15
PR-231204-DSI-R1,2,PR-231204-DSI-R1-A2,DSI,15
PR-231204-DSI-R1,3,PR-231204-DSI-R1-A3,DSI,15
PR-231204-DCS-R1,1,PR-231204-DCS-R1-A1,DCS,15
PR-231204-DCS-R1,2,PR-231204-DCS-R1-A2,DCS,15
PR-231204-DCS-R1,3,PR-231204-DCS-R1-A3,DCS,15
PR-231204-DCS-R2,1,PR-231204-DCS-R2-A1,DCS,15
PR-231204-DCS-R2,2,PR-231204-DCS-R2-A2,DCS,15
PR-231204-DCS-R2,3,PR-231204-DCS-R2-A3,DCS,15
PR-231204-BST-R1,1,PR-231204-BST-R1-A1,BST,15
PR-231204-BST-R1,2,PR-231204-BST-R1-A2,BST,15
PR-231204-BST-R1,3,PR-231204-BST-R1-A3,BST,15
PR-231204-BST-R2,1,PR-231204-BST-R2-A1,BST,15
PR-231204-BST-R2,2,PR-231204-BST-R2-A2,BST,15
PR-231204-BST-R2,3,PR-231204-BST-R2-A3,BST,15
PR-231204-NEG-R1,1,PR-231204-NEG-R1-A1,neg,15
PR-231204-NEG-R1,2,PR-231204-NEG-R1-A2,neg,15
PR-231204-NEG-R1,3,PR-231204-NEG-R1-A3,neg,15
PR-231205-DNI-R1,1,PR-231205-DNI-R1-A1,DNI,15
PR-231205-DNI-R1,2,PR-231205-DNI-R1-A2,DNI,15
PR-231205-DNI-R1,3,PR-231205-DNI-R1-A3,DNI,15
PR-231205-DNI-R2,1,PR-231205-DNI-R2-A1,DNI,15
PR-231205-DNI-R2,2,PR-231205-DNI-R2-A2,DNI,15
PR-231205-DNI-R2,3,PR-231205-DNI-R2-A3,DNI,15
PR-231205-DSI-R1,1,PR-231205-DSI-R1-A1,DSI,15
PR-231205-DSI-R1,2,PR-231205-DSI-R1-A2,DSI,15
PR-231205-DSI-R1,3,PR-231205-DSI-R1-A3,DSI,15
PR-231205-DSI-R2,1,PR-231205-DSI-R2-A1,DSI,15
PR-231205-DSI-R2,2,PR-231205-DSI-R2-A2,DSI,15
PR-231205-DSI-R2,3,PR-231205-DSI-R2-A3,DSI,15
PR-231205-DCS-R1,1,PR-231205-DCS-R1-A1,DCS,15
PR-231205-DCS-R1,2,PR-231205-DCS-R1-A2,DCS,15
PR-231205-DCS-R1,3,PR-231205-DCS-R1-A3,DCS,15
PR-231205-DCS-R2,1,PR-231205-DCS-R2-A1,DCS,15
PR-231205-DCS-R2,2,PR-231205-DCS-R2-A2,DCS,15
PR-231205-DCS-R2,3,PR-231205-DCS-R2-A3,DCS,15
PR-231205-BST-R1,1,PR-231205-BST-R1-A1,BST,15
PR-231205-BST-R1,2,PR-231205-BST-R1-A2,BST,15
PR-231205-BST-R1,3,PR-231205-BST-R1-A3,BST,15
PR-231205-BST-R2,1,PR-231205-BST-R2-A1,BST,15
PR-231205-BST-R2,2,PR-231205-BST-R2-A2,BST,15
PR-231205-BST-R2,3,PR-231205-BST-R2-A3,BST,15
PR-231205-NEG-R1,1,PR-231205-NEG-R1-A1,neg,15
PR-231205-NEG-R1,2,PR-231205-NEG-R1-A2,neg,15
PR-231205-NEG-R1,3,PR-231205-NEG-R1-A3,neg,15
PR-231206-DNI-R1,1,PR-231206-DNI-R1-A1,DNI,15
PR-231206-DNI-R1,2,PR-231206-DNI-R1-A2,DNI,15
PR-231206-DNI-R1,3,PR-231206-DNI-R1-A3,DNI,15
PR-231206-DNI-R2,1,PR-231206-DNI-R2-A1,DNI,15
PR-231206-DNI-R2,2,PR-231206-DNI-R2-A2,DNI,15
PR-231206-DNI-R2,3,PR-231206-DNI-R2-A3,DNI,15
PR-231206-DCS-R1,1,PR-231206-DCS-R1-A1,DCS,15
PR-231206-DCS-R1,2,PR-231206-DCS-R1-A2,DCS,15
PR-231206-DCS-R1,3,PR-231206-DCS-R1-A3,DCS,15
PR-231206-DCS-R2,1,PR-231206-DCS-R2-A1,DCS,15
PR-231206-DCS-R2,2,PR-231206-DCS-R2-A2,DCS,15
PR-231206-DCS-R2,3,PR-231206-DCS-R2-A3,DCS,15
PR-231206-BST-R1,1,PR-231206-BST-R1-A1,BST,15
PR-231206-BST-R1,2,PR-231206-BST-R1-A2,BST,15
PR-231206-BST-R1,3,PR-231206-BST-R1-A3,BST,15
PR-231206-BST-R2,1,PR-231206-BST-R2-A1,BST,15
PR-231206-BST-R2,2,PR-231206-BST-R2-A2,BST,15
PR-231206-BST-R2,3,PR-231206-BST-R2-A3,BST,15
PR-231206-NEG-R1,1,PR-231206-NEG-R1-A1,neg,15
PR-231206-NEG-R1,2,PR-231206-NEG-R1-A2,neg,15
PR-231206-NEG-R1,3,PR-231206-NEG-R1-A3,neg,15
PR-231207-DNI-R1,1,PR-231207-DNI-R1-A1,DNI,15
PR-231207-DNI-R1,2,PR-231207-DNI-R1-A2,DNI,15
PR-231207-DNI-R1,3,PR-231207-DNI-R1-A3,DNI,15
PR-231207-DNI-R2,1,PR-231207-DNI-R2-A1,DNI,15
PR-231207-DNI-R2,2,PR-231207-DNI-R2-A2,DNI,15
PR-231207-DNI-R2,3,PR-231207-DNI-R2-A3,DNI,15
PR-231207-DSI-R1,1,PR-231207-DSI-R1-A1,DSI,15
PR-231207-DSI-R1,2,PR-231207-DSI-R1-A2,DSI,15
PR-231207-DSI-R1,3,PR-231207-DSI-R1-A3,DSI,15
PR-231207-DSI-R2,1,PR-231207-DSI-R2-A1,DSI,15
PR-231207-DSI-R2,2,PR-231207-DSI-R2-A2,DSI,15
PR-231207-DSI-R2,3,PR-231207-DSI-R2-A3,DSI,15
PR-231207-DCS-R1,1,PR-231207-DCS-R1-A1,DCS,15
PR-231207-DCS-R1,2,PR-231207-DCS-R1-A2,DCS,15
PR-231207-DCS-R1,3,PR-231207-DCS-R1-A3,DCS,15
PR-231207-DCS-R2,1,PR-231207-DCS-R2-A1,DCS,15
PR-231207-DCS-R2,2,PR-231207-DCS-R2-A2,DCS,15
PR-231207-DCS-R2,3,PR-231207-DCS-R2-A3,DCS,15
PR-231207-BST-R1,1,PR-231207-BST-R1-A1,BST,15
PR-231207-BST-R1,2,PR-231207-BST-R1-A2,BST,15
PR-231207-BST-R1,3,PR-231207-BST-R1-A3,BST,15
PR-231207-BST-R2,1,PR-231207-BST-R2-A1,BST,15
PR-231207-BST-R2,2,PR-231207-BST-R2-A2,BST,15
PR-231207-BST-R2,3,PR-231207-BST-R2-A3,BST,15
PR-231207-NEG-R1,1,PR-231207-NEG-R1-A1,neg,15
PR-231207-NEG-R1,2,PR-231207-NEG-R1-A2,neg,15
PR-231207-NEG-R1,3,PR-231207-NEG-R1-A3,neg,15
PR-231208-DNI-R1,1,PR-231208-DNI-R1-A1,DNI,15
PR-231208-DNI-R1,2,PR-231208-DNI-R1-A2,DNI,15
PR-231208-DNI-R1,3,PR-231208-DNI-R1-A3,DNI,15
PR-231208-DNI-R2,1,PR-231208-DNI-R2-A1,DNI,15
PR-231208-DNI-R2,2,PR-231208-DNI-R2-A2,DNI,15
PR-231208-DNI-R2,3,PR-231208-DNI-R2-A3,DNI,15
PR-231208-DSI-R1,1,PR-231208-DSI-R1-A1,DSI,15
PR-231208-DSI-R1,2,PR-231208-DSI-R1-A2,DSI,15
PR-231208-DSI-R1,3,PR-231208-DSI-R1-A3,DSI,15
PR-231208-DSI-R2,1,PR-231208-DSI-R2-A1,DSI,15
PR-231208-DSI-R2,2,PR-231208-DSI-R2-A2,DSI,15
PR-231208-DSI-R2,3,PR-231208-DSI-R2-A3,DSI,15
PR-231208-DCS-R1,1,PR-231208-DCS-R1-A1,DCS,15
PR-231208-DCS-R1,2,PR-231208-DCS-R1-A2,DCS,15
PR-231208-DCS-R1,3,PR-231208-DCS-R1-A3,DCS,15
PR-231208-DCS-R2,1,PR-231208-DCS-R2-A1,DCS,15
PR-231208-DCS-R2,2,PR-231208-DCS-R2-A2,DCS,15
PR-231208-DCS-R2,3,PR-231208-DCS-R2-A3,DCS,15
PR-231208-BST-R1,1,PR-231208-BST-R1-A1,BST,15
PR-231208-BST-R1,2,PR-231208-BST-R1-A2,BST,15
PR-231208-BST-R1,3,PR-231208-BST-R1-A3,BST,15
PR-231208-BST-R2,1,PR-231208-BST-R2-A1,BST,15
PR-231208-BST-R2,2,PR-231208-BST-R2-A2,BST,15
PR-231208-BST-R2,3,PR-231208-BST-R2-A3,BST,15
PR-231208-NEG-R1,1,PR-231208-NEG-R1-A1,neg,15
PR-231208-NEG-R1,2,PR-231208-NEG-R1-A2,neg,15
PR-231208-NEG-R1,3,PR-231208-NEG-R1-A3,neg,15
PR-231211-DNI-R1,1,PR-231211-DNI-R1-A1,DNI,15
PR-231211-DNI-R1,2,PR-231211-DNI-R1-A2,DNI,15
PR-231211-DNI-R1,3,PR-231211-DNI-R1-A3,DNI,15
PR-231211-DNI-R2,1,PR-231211-DNI-R2-A1,DNI,15
PR-231211-DNI-R2,2,PR-231211-DNI-R2-A2,DNI,15
PR-231211-DNI-R2,3,PR-231211-DNI-R2-A3,DNI,15
PR-231211-DSI-R1,1,PR-231211-DSI-R1-A1,DSI,15
PR-231211-DSI-R1,2,PR-231211-DSI-R1-A2,DSI,15
PR-231211-DSI-R1,3,PR-231211-DSI-R1-A3,DSI,15
PR-231211-DSI-R2,1,PR-231211-DSI-R2-A1,DSI,15
PR-231211-DSI-R2,2,PR-231211-DSI-R2-A2,DSI,15
PR-231211-DSI-R2,3,PR-231211-DSI-R2-A3,DSI,15
PR-231211-DCS-R1,1,PR-231211-DCS-R1-A1,DCS,15
PR-231211-DCS-R1,2,PR-231211-DCS-R1-A2,DCS,15
PR-231211-DCS-R1,3,PR-231211-DCS-R1-A3,DCS,15
PR-231211-DCS-R2,1,PR-231211-DCS-R2-A1,DCS,15
PR-231211-DCS-R2,2,PR-231211-DCS-R2-A2,DCS,15
PR-231211-DCS-R2,3,PR-231211-DCS-R2-A3,DCS,15
PR-231211-BST-R1,1,PR-231211-BST-R1-A1,BST,15
PR-231211-BST-R1,2,PR-231211-BST-R1-A2,BST,15
PR-231211-BST-R1,3,PR-231211-BST-R1-A3,BST,15
PR-231211-BST-R2,1,PR-231211-BST-R2-A1,BST,15
PR-231211-BST-R2,2,PR-231211-BST-R2-A2,BST,15
PR-231211-BST-R2,3,PR-231211-BST-R2-A3,BST,15
PR-231211-NEG-R1,1,PR-231211-NEG-R1-A1,neg,15
PR-231211-NEG-R1,2,PR-231211-NEG-R1-A2,neg,15
PR-231211-NEG-R1,3,PR-231211-NEG-R1-A3,neg,15
PR-231212-DNI-R1,1,PR-231212-DNI-R1-A1,DNI,15
PR-231212-DNI-R1,2,PR-231212-DNI-R1-A2,DNI,15
PR-231212-DNI-R1,3,PR-231212-DNI-R1-A3,DNI,15
PR-231212-DNI-R2,1,PR-231212-DNI-R2-A1,DNI,15
PR-231212-DNI-R2,2,PR-231212-DNI-R2-A2,DNI,15
PR-231212-DNI-R2,3,PR-231212-DNI-R2-A3,DNI,15
PR-231212-DSI-R1,1,PR-231212-DSI-R1-A1,DSI,15
PR-231212-DSI-R1,2,PR-231212-DSI-R1-A2,DSI,15
PR-231212-DSI-R1,3,PR-231212-DSI-R1-A3,DSI,15
PR-231212-DSI-R2,1,PR-231212-DSI-R2-A1,DSI,15
PR-231212-DSI-R2,2,PR-231212-DSI-R2-A2,DSI,15
PR-231212-DSI-R2,3,PR-231212-DSI-R2-A3,DSI,15
PR-231212-DCS-R1,1,PR-231212-DCS-R1-A1,DCS,15
PR-231212-DCS-R1,2,PR-231212-DCS-R1-A2,DCS,15
PR-231212-DCS-R1,3,PR-231212-DCS-R1-A3,DCS,15
PR-231212-DCS-R2,1,PR-231212-DCS-R2-A1,DCS,15
PR-231212-DCS-R2,2,PR-231212-DCS-R2-A2,DCS,15
PR-231212-DCS-R2,3,PR-231212-DCS-R2-A3,DCS,15
PR-231212-BST-R1,1,PR-231212-BST-R1-A1,BST,15
PR-231212-BST-R1,2,PR-231212-BST-R1-A2,BST,15
PR-231212-BST-R1,3,PR-231212-BST-R1-A3,BST,15
PR-231212-BST-R2,1,PR-231212-BST-R2-A1,BST,15
PR-231212-BST-R2,2,PR-231212-BST-R2-A2,BST,15
PR-231212-BST-R2,3,PR-231212-BST-R2-A3,BST,15
PR-231212-NEG-R1,1,PR-231212-NEG-R1-A1,neg,15
PR-231212-NEG-R1,2,PR-231212-NEG-R1-A2,neg,15
PR-231212-NEG-R1,3,PR-231212-NEG-R1-A3,neg,15
PR-231213-DNI-R1,1,PR-231213-DNI-R1-A1,DNI,15
PR-231213-DNI-R1,2,PR-231213-DNI-R1-A2,DNI,15
PR-231213-DNI-R1,3,PR-231213-DNI-R1-A3,DNI,15
PR-231213-DSI-R1,1,PR-231213-DSI-R1-A1,DSI,15
PR-231213-DSI-R1,2,PR-231213-DSI-R1-A2,DSI,15
PR-231213-DSI-R1,3,PR-231213-DSI-R1-A3,DSI,15
PR-231213-DCS-R1,1,PR-231213-DCS-R1-A1,DCS,15
PR-231213-DCS-R1,2,PR-231213-DCS-R1-A2,DCS,15
PR-231213-DCS-R1,3,PR-231213-DCS-R1-A3,DCS,15
PR-231213-DCS-R2,1,PR-231213-DCS-R2-A1,DCS,15
PR-231213-DCS-R2,2,PR-231213-DCS-R2-A2,DCS,15
PR-231213-DCS-R2,3,PR-231213-DCS-R2-A3,DCS,15
PR-231213-BST-R1,1,PR-231213-BST-R1-A1,BST,15
PR-231213-BST-R1,2,PR-231213-BST-R1-A2,BST,15
PR-231213-BST-R1,3,PR-231213-BST-R1-A3,BST,15
PR-231213-BST-R2,1,PR-231213-BST-R2-A1,BST,15
PR-231213-BST-R2,2,PR-231213-BST-R2-A2,BST,15
PR-231213-BST-R2,3,PR-231213-BST-R2-A3,BST,15
PR-231213-NEG-R1,1,PR-231213-NEG-R1-A1,neg,15
PR-231213-NEG-R1,2,PR-231213-NEG-R1-A2,neg,15
PR-231213-NEG-R1,3,PR-231213-NEG-R1-A3,neg,15
PR-231214-DNI-R1,1,PR-231214-DNI-R1-A1,DNI,15
PR-231214-DNI-R1,2,PR-231214-DNI-R1-A2,DNI,15
PR-231214-DNI-R1,3,PR-231214-DNI-R1-A3,DNI,15
PR-231214-DSI-R1,1,PR-231214-DSI-R1-A1,DSI,15
PR-231214-DSI-R1,2,PR-231214-DSI-R1-A2,DSI,15
PR-231214-DSI-R1,3,PR-231214-DSI-R1-A3,DSI,15
PR-231214-DCS-R1,1,PR-231214-DCS-R1-A1,DCS,15
PR-231214-DCS-R1,2,PR-231214-DCS-R1-A2,DCS,15
PR-231214-DCS-R1,3,PR-231214-DCS-R1-A3,DCS,15
PR-231214-DCS-R2,1,PR-231214-DCS-R2-A1,DCS,15
PR-231214-DCS-R2,2,PR-231214-DCS-R2-A2,DCS,15
PR-231214-DCS-R2,3,PR-231214-DCS-R2-A3,DCS,15
PR-231214-BST-R1,1,PR-231214-BST-R1-A1,BST,15
PR-231214-BST-R1,2,PR-231214-BST-R1-A2,BST,15
PR-231214-BST-R1,3,PR-231214-BST-R1-A3,BST,15
PR-231214-BST-R2,1,PR-231214-BST-R2-A1,BST,15
PR-231214-BST-R2,2,PR-231214-BST-R2-A2,BST,15
PR-231214-BST-R2,3,PR-231214-BST-R2-A3,BST,15
PR-231214-NEG-R1,1,PR-231214-NEG-R1-A1,neg,15
PR-231214-NEG-R1,2,PR-231214-NEG-R1-A2,neg,15
PR-231214-NEG-R1,3,PR-231214-NEG-R1-A3,neg,15
PR-231215-DNI-R1,1,PR-231215-DNI-R1-A1,DNI,15
PR-231215-DNI-R1,2,PR-231215-DNI-R1-A2,DNI,15
PR-231215-DNI-R1,3,PR-231215-DNI-R1-A3,DNI,15
PR-231215-DNI-R2,1,PR-231215-DNI-R2-A1,DNI,15
PR-231215-DNI-R2,2,PR-231215-DNI-R2-A2,DNI,15
PR-231215-DNI-R2,3,PR-231215-DNI-R2-A3,DNI,15
PR-231215-DSI-R1,1,PR-231215-DSI-R1-A1,DSI,15
PR-231215-DSI-R1,2,PR-231215-DSI-R1-A2,DSI,15
PR-231215-DSI-R1,3,PR-231215-DSI-R1-A3,DSI,15
PR-231215-DSI-R2,1,PR-231215-DSI-R2-A1,DSI,15
PR-231215-DSI-R2,2,PR-231215-DSI-R2-A2,DSI,15
PR-231215-DSI-R2,3,PR-231215-DSI-R2-A3,DSI,15
PR-231215-DCS-R1,1,PR-231215-DCS-R1-A1,DCS,15
PR-231215-DCS-R1,2,PR-231215-DCS-R1-A2,DCS,15
PR-231215-DCS-R1,3,PR-231215-DCS-R1-A3,DCS,15
PR-231215-DCS-R2,1,PR-231215-DCS-R2-A1,DCS,15
PR-231215-DCS-R2,2,PR-231215-DCS-R2-A2,DCS,15
PR-231215-DCS-R2,3,PR-231215-DCS-R2-A3,DCS,15
PR-231215-BST-R1,1,PR-231215-BST-R1-A1,BST,15
PR-231215-BST-R1,2,PR-231215-BST-R1-A2,BST,15
PR-231215-BST-R1,3,PR-231215-BST-R1-A3,BST,15
PR-231215-BST-R2,1,PR-231215-BST-R2-A1,BST,15
PR-231215-BST-R2,2,PR-231215-BST-R2-A2,BST,15
PR-231215-BST-R2,3,PR-231215-BST-R2-A3,BST,15
PR-231215-NEG-R1,1,PR-231215-NEG-R1-A1,neg,15
PR-231215-NEG-R1,2,PR-231215-NEG-R1-A2,neg,15
PR-231215-NEG-R1,3,PR-231215-NEG-R1-A3,neg,15
PR-231218-DNI-R1,1,PR-231218-DNI-R1-A1,DNI,15
PR-231218-DNI-R1,2,PR-231218-DNI-R1-A2,DNI,15
PR-231218-DNI-R1,3,PR-231218-DNI-R1-A3,DNI,15
PR-231218-DSI-R1,1,PR-231218-DSI-R1-A1,DSI,15
PR-231218-DSI-R1,2,PR-231218-DSI-R1-A2,DSI,15
PR-231218-DSI-R1,3,PR-231218-DSI-R1-A3,DSI,15
PR-231218-DCS-R1,1,PR-231218-DCS-R1-A1,DCS,15
PR-231218-DCS-R1,2,PR-231218-DCS-R1-A2,DCS,15
PR-231218-DCS-R1,3,PR-231218-DCS-R1-A3,DCS,15
PR-231218-DCS-R2,1,PR-231218-DCS-R2-A1,DCS,15
PR-231218-DCS-R2,2,PR-231218-DCS-R2-A2,DCS,15
PR-231218-DCS-R2,3,PR-231218-DCS-R2-A3,DCS,15
PR-231218-BST-R1,1,PR-231218-BST-R1-A1,BST,15
PR-231218-BST-R1,2,PR-231218-BST-R1-A2,BST,15
PR-231218-BST-R1,3,PR-231218-BST-R1-A3,BST,15
PR-231218-BST-R2,1,PR-231218-BST-R2-A1,BST,15
PR-231218-BST-R2,2,PR-231218-BST-R2-A2,BST,15
PR-231218-BST-R2,3,PR-231218-BST-R2-A3,BST,15
PR-231218-NEG-R1,1,PR-231218-NEG-R1-A1,neg,15
PR-231218-NEG-R1,2,PR-231218-NEG-R1-A2,neg,15
PR-231218-NEG-R1,3,PR-231218-NEG-R1-A3,neg,15
PR-231219-DNI-R1,1,PR-231219-DNI-R1-A1,DNI,15
PR-231219-DNI-R1,2,PR-231219-DNI-R1-A2,DNI,15
PR-231219-DNI-R1,3,PR-231219-DNI-R1-A3,DNI,15
PR-231219-DNI-R2,1,PR-231219-DNI-R2-A1,DNI,15
PR-231219-DNI-R2,2,PR-231219-DNI-R2-A2,DNI,15
PR-231219-DNI-R2,3,PR-231219-DNI-R2-A3,DNI,15
PR-231219-DSI-R1,1,PR-231219-DSI-R1-A1,DSI,15
PR-231219-DSI-R1,2,PR-231219-DSI-R1-A2,DSI,15
PR-231219-DSI-R1,3,PR-231219-DSI-R1-A3,DSI,15
PR-231219-DSI-R2,1,PR-231219-DSI-R2-A1,DSI,15
PR-231219-DSI-R2,2,PR-231219-DSI-R2-A2,DSI,15
PR-231219-DSI-R2,3,PR-231219-DSI-R2-A3,DSI,15
PR-231219-DCS-R1,1,PR-231219-DCS-R1-A1,DCS,15
PR-231219-DCS-R1,2,PR-231219-DCS-R1-A2,DCS,15
PR-231219-DCS-R1,3,PR-231219-DCS-R1-A3,DCS,15
PR-231219-DCS-R2,1,PR-231219-DCS-R2-A1,DCS,15
PR-231219-DCS-R2,2,PR-231219-DCS-R2-A2,DCS,15
PR-231219-DCS-R2,3,PR-231219-DCS-R2-A3,DCS,15
PR-231219-BST-R1,1,PR-231219-BST-R1-A1,BST,15
PR-231219-BST-R1,2,PR-231219-BST-R1-A2,BST,15
PR-231219-BST-R1,3,PR-231219-BST-R1-A3,BST,15
PR-231219-BST-R2,1,PR-231219-BST-R2-A1,BST,15
PR-231219-BST-R2,2,PR-231219-BST-R2-A2,BST,15
PR-231219-BST-R2,3,PR-231219-BST-R2-A3,BST,15
PR-231219-NEG-R1,1,PR-231219-NEG-R1-A1,neg,15
PR-231219-NEG-R1,2,PR-231219-NEG-R1-A2,neg,15
PR-231219-NEG-R1,3,PR-231219-NEG-R1-A3,neg,15
PR-231220-DNI-R1,1,PR-231220-DNI-R1-A1,DNI,15
PR-231220-DNI-R1,2,PR-231220-DNI-R1-A2,DNI,15
PR-231220-DNI-R1,3,PR-231220-DNI-R1-A3,DNI,15
PR-231220-DSI-R1,1,PR-231220-DSI-R1-A1,DSI,15
PR-231220-DSI-R1,2,PR-231220-DSI-R1-A2,DSI,15
PR-231220-DSI-R1,3,PR-231220-DSI-R1-A3,DSI,15
PR-231220-DCS-R1,1,PR-231220-DCS-R1-A1,DCS,15
PR-231220-DCS-R1,2,PR-231220-DCS-R1-A2,DCS,15
PR-231220-DCS-R1,3,PR-231220-DCS-R1-A3,DCS,15
PR-231220-DCS-R2,1,PR-231220-DCS-R2-A1,DCS,15
PR-231220-DCS-R2,2,PR-231220-DCS-R2-A2,DCS,15
PR-231220-DCS-R2,3,PR-231220-DCS-R2-A3,DCS,15
PR-231220-BST-R1,1,PR-231220-BST-R1-A1,BST,15
PR-231220-BST-R1,2,PR-231220-BST-R1-A2,BST,15
PR-231220-BST-R1,3,PR-231220-BST-R1-A3,BST,15
PR-231220-BST-R2,1,PR-231220-BST-R2-A1,BST,15
PR-231220-BST-R2,2,PR-231220-BST-R2-A2,BST,15
PR-231220-BST-R2,3,PR-231220-BST-R2-A3,BST,15
PR-231220-NEG-R1,1,PR-231220-NEG-R1-A1,neg,15
PR-231220-NEG-R1,2,PR-231220-NEG-R1-A2,neg,15
PR-231220-NEG-R1,3,PR-231220-NEG-R1-A3,neg,15
PR-231221-DNI-R1,1,PR-231221-DNI-R1-A1,DNI,15
PR-231221-DNI-R1,2,PR-231221-DNI-R1-A2,DNI,15
PR-231221-DNI-R1,3,PR-231221-DNI-R1-A3,DNI,15
PR-231221-DNI-R2,1,PR-231221-DNI-R2-A1,DNI,15
PR-231221-DNI-R2,2,PR-231221-DNI-R2-A2,DNI,15
PR-231221-DNI-R2,3,PR-231221-DNI-R2-A3,DNI,15
PR-231221-DSI-R1,1,PR-231221-DSI-R1-A1,DSI,15
PR-231221-DSI-R1,2,PR-231221-DSI-R1-A2,DSI,15
PR-231221-DSI-R1,3,PR-231221-DSI-R1-A3,DSI,15
PR-231221-DSI-R2,1,PR-231221-DSI-R2-A1,DSI,15
PR-231221-DSI-R2,2,PR-231221-DSI-R2-A2,DSI,15
PR-231221-DSI-R2,3,PR-231221-DSI-R2-A3,DSI,15
PR-231221-DCS-R1,1,PR-231221-DCS-R1-A1,DCS,15
PR-231221-DCS-R1,2,PR-231221-DCS-R1-A2,DCS,15
PR-231221-DCS-R1,3,PR-231221-DCS-R1-A3,DCS,15
PR-231221-DCS-R2,1,PR-231221-DCS-R2-A1,DCS,15
PR-231221-DCS-R2,2,PR-231221-DCS-R2-A2,DCS,15
PR-231221-DCS-R2,3,PR-231221-DCS-R2-A3,DCS,15
PR-231221-BST-R1,1,PR-231221-BST-R1-A1,BST,15
PR-231221-BST-R1,2,PR-231221-BST-R1-A2,BST,15
PR-231221-BST-R1,3,PR-231221-BST-R1-A3,BST,15
PR-231221-BST-R2,1,PR-231221-BST-R2-A1,BST,15
PR-231221-BST-R2,2,PR-231221-BST-R2-A2,BST,15
PR-231221-BST-R2,3,PR-231221-BST-R2-A3,BST,15
PR-231221-NEG-R1,1,PR-231221-NEG-R1-A1,neg,15
PR-231221-NEG-R1,2,PR-231221-NEG-R1-A2,neg,15
PR-231221-NEG-R1,3,PR-231221-NEG-R1-A3,neg,15
PR-231222-DNI-R1,1,PR-231222-DNI-R1-A1,DNI,15
PR-231222-DNI-R1,2,PR-231222-DNI-R1-A2,DNI,15
PR-231222-DNI-R1,3,PR-231222-DNI-R1-A3,DNI,15
PR-231222-DNI-R2,1,PR-231222-DNI-R2-A1,DNI,15
PR-231222-DNI-R2,2,PR-231222-DNI-R2-A2,DNI,15
PR-231222-DNI-R2,3,PR-231222-DNI-R2-A3,DNI,15
PR-231222-DSI-R1,1,PR-231222-DSI-R1-A1,DSI,15
PR-231222-DSI-R1,2,PR-231222-DSI-R1-A2,DSI,15
PR-231222-DSI-R1,3,PR-231222-DSI-R1-A3,DSI,15
PR-231222-DSI-R2,1,PR-231222-DSI-R2-A1,DSI,15
PR-231222-DSI-R2,2,PR-231222-DSI-R2-A2,DSI,15
PR-231222-DSI-R2,3,PR-231222-DSI-R2-A3,DSI,15
PR-231222-DCS-R1,1,PR-231222-DCS-R1-A1,DCS,15
PR-231222-DCS-R1,2,PR-231222-DCS-R1-A2,DCS,15
PR-231222-DCS-R1,3,PR-231222-DCS-R1-A3,DCS,15
PR-231222-DCS-R2,1,PR-231222-DCS-R2-A1,DCS,15
PR-231222-DCS-R2,2,PR-231222-DCS-R2-A2,DCS,15
PR-231222-DCS-R2,3,PR-231222-DCS-R2-A3,DCS,15
PR-231222-BST-R1,1,PR-231222-BST-R1-A1,BST,15
PR-231222-BST-R1,2,PR-231222-BST-R1-A2,BST,15
PR-231222-BST-R1,3,PR-231222-BST-R1-A3,BST,15
PR-231222-BST-R2,1,PR-231222-BST-R2-A1,BST,15
PR-231222-BST-R2,2,PR-231222-BST-R2-A2,BST,15
PR-231222-BST-R2,3,PR-231222-BST-R2-A3,BST,15
PR-231222-NEG-R1,1,PR-231222-NEG-R1-A1,neg,15
PR-231222-NEG-R1,2,PR-231222-NEG-R1-A2,neg,15
PR-231222-NEG-R1,3,PR-231222-NEG-R1-A3,neg,15
