library_id	submission_sample_id	index_sequences	provider	provider_abbrev	provider_prep_batch	library_layout	platform	instrument_model	extraction_aliquot_id	submission_experiment_name	submission_preparation_date	submission_date	submission_aliquot_location	submission_preparation_treatment	submission_material_submitted	submission_original_concentration	submission_concentration_relative_to_original	submission_volume	submission_concentration	submission_total	library_preparation_abbrev	library_preparation_method	processed_sample_id	extraction_aliquot_number	processed_sample_type	extraction_aliquot_volume_initial	processed_date	sample_processed_by	collected_sample_id	processed_replicate_number	number_stored_aliquots	qpcr_date	aliquot_number_for_qpcr	processed_notes	collection_date	sample_source	collected_bottle_number	sample_received_by	sample_collection_site	sample_type	sample_description	sample_received_date	sample_received_time	sample_initial_volume	sample_source_modifier
240212Esv_6656R_D24-138003	12-05-DNI-deplete	TGGAAGCA+GTACTCTC	MIT BioMicro Center	MIT BMC	1	Paired-end	Illumina	NovaSeq 6000	PR-231205-DNI-R1-A1	DepletionExperiment	2024-02-09	2024-02-16	submitted to BMC	DNase I	total RNA	204	0.5	15	102	1530	NEB Ultra II Ribodeplete	NEBNext Ultra II Directional RNA Library Prep Kit with NEBNext rRNA Depletion Kit (Bacteria)	PR-231205-DNI-R1	1	DNI	15	2023-12-05	A	C-231205-DNI-B1	1	3	2024-02-16	3	NA	2023-12-05	DNI	1	A	DITP	influent	DITP North System influent	2023-12-05	10:10:00	500	NA
240212Esv_6656R_D24-138004	12-05-DSI-deplete	CAATAGCC+TGCGTAGA	MIT BioMicro Center	MIT BMC	1	Paired-end	Illumina	NovaSeq 6000	PR-231205-DSI-R1-A1	DepletionExperiment	2024-02-09	2024-02-16	submitted to BMC	DNase I	total RNA	54.6	0.5	15	27.3	409.5	NEB Ultra II Ribodeplete	NEBNext Ultra II Directional RNA Library Prep Kit with NEBNext rRNA Depletion Kit (Bacteria)	PR-231205-DSI-R1	1	DSI	15	2023-12-05	A	C-231205-DSI-B1	1	3	2024-02-16	3	NA	2023-12-05	DSI	1	A	DITP	influent	DITP South System influent	2023-12-05	10:10:00	500	NA
240212Esv_6656R_D24-138005	12-08-BST-deplete	CTCGAACA+GGAATTGC	MIT BioMicro Center	MIT BMC	1	Paired-end	Illumina	NovaSeq 6000	PR-231208-BST-R1-A1	DepletionExperiment	2024-02-09	2024-02-16	submitted to BMC	DNase I	total RNA	16.4	0.5	15	8.2	123	NEB Ultra II Ribodeplete	NEBNext Ultra II Directional RNA Library Prep Kit with NEBNext rRNA Depletion Kit (Bacteria)	PR-231208-BST-R1	1	BST	15	2023-12-08	B	C-231208-BST-B1	1	3	2024-02-16	3	NA	2023-12-08	BOS	1	B	BOS	airplane	BOS triturator inflow	2023-12-08	12:15:00	250	NA
240212Esv_6656R_D24-138006	12-08-DCS-deplete	GGCAAGTT+CTTCTGAG	MIT BioMicro Center	MIT BMC	1	Paired-end	Illumina	NovaSeq 6000	PR-231208-DCS-R1-A1	DepletionExperiment	2024-02-09	2024-02-16	submitted to BMC	DNase I	total RNA	80.2	0.5	15	40.1	601.5	NEB Ultra II Ribodeplete	NEBNext Ultra II Directional RNA Library Prep Kit with NEBNext rRNA Depletion Kit (Bacteria)	PR-231208-DCS-R1	1	DCS	15	2023-12-08	B	C-231208-DCS-B1	1	3	2024-02-16	3	NA	2023-12-08	DCS	1	B	DITP	sludge	DITP combined-system sludge	2023-12-08	10:15:00	50	NA
240212Esv_6656R_D24-138007	12-08-DNI-deplete	AGCTACCA+CTTAGGAC	MIT BioMicro Center	MIT BMC	1	Paired-end	Illumina	NovaSeq 6000	PR-231208-DNI-R1-A1	DepletionExperiment	2024-02-09	2024-02-16	submitted to BMC	DNase I	total RNA	82	0.5	15	41	615	NEB Ultra II Ribodeplete	NEBNext Ultra II Directional RNA Library Prep Kit with NEBNext rRNA Depletion Kit (Bacteria)	PR-231208-DNI-R1	1	DNI	15	2023-12-08	B	C-231208-DNI-B1	1	3	2024-02-16	3	NA	2023-12-08	DNI	1	B	DITP	influent	DITP North System influent	2023-12-08	10:15:00	500	NA
240212Esv_6656R_D24-138010	12-12-DCS-deplete	TTACGTGC+CAAGGTCT	MIT BioMicro Center	MIT BMC	1	Paired-end	Illumina	NovaSeq 6000	PR-231212-DCS-R1-A1	DepletionExperiment	2024-02-09	2024-02-16	submitted to BMC	DNase I	total RNA	80.2	0.5	15	40.1	601.5	NEB Ultra II Ribodeplete	NEBNext Ultra II Directional RNA Library Prep Kit with NEBNext rRNA Depletion Kit (Bacteria)	PR-231212-DCS-R1	1	DCS	15	2023-12-12	B	C-231212-DCS-B1	1	3	2024-02-16	3	NA	2023-12-12	DCS	1	B	DITP	sludge	DITP combined-system sludge	2023-12-12	10:35:00	50	NA
240212Esv_6656R_D24-138011	12-12-DNI-deplete	AGCTAAGC+GTAACGAC	MIT BioMicro Center	MIT BMC	1	Paired-end	Illumina	NovaSeq 6000	PR-231212-DNI-R1-A1	DepletionExperiment	2024-02-09	2024-02-16	submitted to BMC	DNase I	total RNA	34.4	0.5	15	17.2	258	NEB Ultra II Ribodeplete	NEBNext Ultra II Directional RNA Library Prep Kit with NEBNext rRNA Depletion Kit (Bacteria)	PR-231212-DNI-R1	1	DNI	15	2023-12-12	B	C-231212-DNI-B1	1	3	2024-02-16	3	NA	2023-12-12	DNI	1	B	DITP	influent	DITP North System influent	2023-12-12	10:35:00	500	NA
240212Esv_6656R_D24-138012	12-12-DSI-deplete	AAGACACC+TCGGTTAC	MIT BioMicro Center	MIT BMC	1	Paired-end	Illumina	NovaSeq 6000	PR-231212-DSI-R1-A1	DepletionExperiment	2024-02-09	2024-02-16	submitted to BMC	DNase I	total RNA	69	0.5	15	34.5	517.5	NEB Ultra II Ribodeplete	NEBNext Ultra II Directional RNA Library Prep Kit with NEBNext rRNA Depletion Kit (Bacteria)	PR-231212-DSI-R1	1	DSI	15	2023-12-12	B	C-231212-DSI-B1	1	3	2024-02-16	3	R1 and R2 influent taken from different bottles	2023-12-12	DSI	1	B	DITP	influent	DITP South System influent	2023-12-12	10:35:00	500	NA
240212Esv_6656R_D24-138013	12-15-BST-deplete	CAACTCCA+ACGGATTC	MIT BioMicro Center	MIT BMC	1	Paired-end	Illumina	NovaSeq 6000	PR-231215-BST-R1-A1	DepletionExperiment	2024-02-09	2024-02-16	submitted to BMC	DNase I	total RNA	11.1	0.5	15	5.55	83.25	NEB Ultra II Ribodeplete	NEBNext Ultra II Directional RNA Library Prep Kit with NEBNext rRNA Depletion Kit (Bacteria)	PR-231215-BST-R1	1	BST	15	2023-12-15	A	C-231215-BST-B1	1	3	2024-02-16	3	NA	2023-12-15	BOS	1	A	BOS	airplane	BOS triturator inflow	2023-12-15	12:40:00	125	NA
240212Esv_6656R_D24-138014	12-15-DCS-deplete	GATCTTGC+TGCTCATG	MIT BioMicro Center	MIT BMC	1	Paired-end	Illumina	NovaSeq 6000	PR-231215-DCS-R1-A1	DepletionExperiment	2024-02-09	2024-02-16	submitted to BMC	DNase I	total RNA	172	0.5	15	86	1290	NEB Ultra II Ribodeplete	NEBNext Ultra II Directional RNA Library Prep Kit with NEBNext rRNA Depletion Kit (Bacteria)	PR-231215-DCS-R1	1	DCS	15	2023-12-15	A	C-231215-DCS-B1	1	3	2024-02-16	3	NA	2023-12-15	DCS	1	A	DITP	sludge	DITP combined-system sludge	2023-12-15	10:35:00	50	NA
240212Esv_6656R_D24-138016	12-15-DSI-deplete	CTCGACTT+GGTCAGAT	MIT BioMicro Center	MIT BMC	1	Paired-end	Illumina	NovaSeq 6000	PR-231215-DSI-R1-A1	DepletionExperiment	2024-02-09	2024-02-16	submitted to BMC	DNase I	total RNA	60.2	0.5	15	30.1	451.5	NEB Ultra II Ribodeplete	NEBNext Ultra II Directional RNA Library Prep Kit with NEBNext rRNA Depletion Kit (Bacteria)	PR-231215-DSI-R1	1	DSI	15	2023-12-15	A	C-231215-DSI-B1	1	3	2024-02-16	3	NA	2023-12-15	DSI	1	A	DITP	influent	DITP South System influent	2023-12-15	10:35:00	500	NA
240212Esv_6656R_D24-138017	12-05-BST-nodeplete	GTACACCT+CATGAGGA	MIT BioMicro Center	MIT BMC	1	Paired-end	Illumina	NovaSeq 6000	PR-231205-BST-R1-A1	DepletionExperiment	2024-02-09	2024-02-16	submitted to BMC	DNase I	total RNA	7.42	0.5	15	3.71	55.65	NEB Ultra II RNAseq	NEBNext Ultra II Directional RNA Library Prep Kit	PR-231205-BST-R1	1	BST	15	2023-12-05	A	C-231205-BST-B1	1	3	2024-02-16	3	NA	2023-12-05	BOS	1	A	BOS	airplane	BOS triturator inflow	2023-12-05	13:10:00	250	NA
240212Esv_6656R_D24-138018	12-05-DCS-nodeplete	CCAAGGTT+GCTATCCT	MIT BioMicro Center	MIT BMC	1	Paired-end	Illumina	NovaSeq 6000	PR-231205-DCS-R1-A1	DepletionExperiment	2024-02-09	2024-02-16	submitted to BMC	DNase I	total RNA	190	0.5	15	95	1425	NEB Ultra II RNAseq	NEBNext Ultra II Directional RNA Library Prep Kit	PR-231205-DCS-R1	1	DCS	15	2023-12-05	A	C-231205-DCS-B1	1	3	2024-02-16	3	NA	2023-12-05	DCS	1	A	DITP	sludge	DITP combined-system sludge	2023-12-05	10:10:00	50	NA
240212Esv_6656R_D24-138019	12-05-DNI-nodeplete	GAACGGTT+ATTCCTCC	MIT BioMicro Center	MIT BMC	1	Paired-end	Illumina	NovaSeq 6000	PR-231205-DNI-R1-A1	DepletionExperiment	2024-02-09	2024-02-16	submitted to BMC	DNase I	total RNA	204	0.5	15	102	1530	NEB Ultra II RNAseq	NEBNext Ultra II Directional RNA Library Prep Kit	PR-231205-DNI-R1	1	DNI	15	2023-12-05	A	C-231205-DNI-B1	1	3	2024-02-16	3	NA	2023-12-05	DNI	1	A	DITP	influent	DITP North System influent	2023-12-05	10:10:00	500	NA
240212Esv_6656R_D24-138020	12-05-DSI-nodeplete	CCAGTTGA+ATGACGTC	MIT BioMicro Center	MIT BMC	1	Paired-end	Illumina	NovaSeq 6000	PR-231205-DSI-R1-A1	DepletionExperiment	2024-02-09	2024-02-16	submitted to BMC	DNase I	total RNA	54.6	0.5	15	27.3	409.5	NEB Ultra II RNAseq	NEBNext Ultra II Directional RNA Library Prep Kit	PR-231205-DSI-R1	1	DSI	15	2023-12-05	A	C-231205-DSI-B1	1	3	2024-02-16	3	NA	2023-12-05	DSI	1	A	DITP	influent	DITP South System influent	2023-12-05	10:10:00	500	NA
240212Esv_6656R_D24-138021	12-08-BST-nodeplete	GTCATCGT+TTAAGCGG	MIT BioMicro Center	MIT BMC	1	Paired-end	Illumina	NovaSeq 6000	PR-231208-BST-R1-A1	DepletionExperiment	2024-02-09	2024-02-16	submitted to BMC	DNase I	total RNA	16.4	0.5	15	8.2	123	NEB Ultra II RNAseq	NEBNext Ultra II Directional RNA Library Prep Kit	PR-231208-BST-R1	1	BST	15	2023-12-08	B	C-231208-BST-B1	1	3	2024-02-16	3	NA	2023-12-08	BOS	1	B	BOS	airplane	BOS triturator inflow	2023-12-08	12:15:00	250	NA
240212Esv_6656R_D24-138022	12-08-DCS-nodeplete	CAATGCGA+AGTTCGTC	MIT BioMicro Center	MIT BMC	1	Paired-end	Illumina	NovaSeq 6000	PR-231208-DCS-R1-A1	DepletionExperiment	2024-02-09	2024-02-16	submitted to BMC	DNase I	total RNA	80.2	0.5	15	40.1	601.5	NEB Ultra II RNAseq	NEBNext Ultra II Directional RNA Library Prep Kit	PR-231208-DCS-R1	1	DCS	15	2023-12-08	B	C-231208-DCS-B1	1	3	2024-02-16	3	NA	2023-12-08	DCS	1	B	DITP	sludge	DITP combined-system sludge	2023-12-08	10:15:00	50	NA
240212Esv_6656R_D24-138023	12-08-DNI-nodeplete	GGTTGAAC+AACGTGGA	MIT BioMicro Center	MIT BMC	1	Paired-end	Illumina	NovaSeq 6000	PR-231208-DNI-R1-A1	DepletionExperiment	2024-02-09	2024-02-16	submitted to BMC	DNase I	total RNA	82	0.5	15	41	615	NEB Ultra II RNAseq	NEBNext Ultra II Directional RNA Library Prep Kit	PR-231208-DNI-R1	1	DNI	15	2023-12-08	B	C-231208-DNI-B1	1	3	2024-02-16	3	NA	2023-12-08	DNI	1	B	DITP	influent	DITP North System influent	2023-12-08	10:15:00	500	NA
240212Esv_6656R_D24-138024	12-08-DSI-nodeplete	CTTCGGTT+CTCTGGTT	MIT BioMicro Center	MIT BMC	1	Paired-end	Illumina	NovaSeq 6000	PR-231208-DSI-R1-A1	DepletionExperiment	2024-02-09	2024-02-16	submitted to BMC	DNase I	total RNA	57.8	0.5	15	28.9	433.5	NEB Ultra II RNAseq	NEBNext Ultra II Directional RNA Library Prep Kit	PR-231208-DSI-R1	1	DSI	15	2023-12-08	B	C-231208-DSI-B1	1	3	2024-02-16	3	NA	2023-12-08	DSI	1	B	DITP	influent	DITP South System influent	2023-12-08	10:15:00	500	NA
240212Esv_6656R_D24-138025	12-12-BST-nodeplete	CGGCATTA+TGACTGAC	MIT BioMicro Center	MIT BMC	1	Paired-end	Illumina	NovaSeq 6000	PR-231212-BST-R1-A1	DepletionExperiment	2024-02-09	2024-02-16	submitted to BMC	DNase I	total RNA	5.18	0.5	15	2.59	38.849999999999994	NEB Ultra II RNAseq	NEBNext Ultra II Directional RNA Library Prep Kit	PR-231212-BST-R1	1	BST	15	2023-12-12	B	C-231212-BST-B1	1	3	2024-02-16	3	NA	2023-12-12	BOS	1	B	BOS	airplane	BOS triturator inflow	2023-12-12	12:55:00	250	NA
240212Esv_6656R_D24-138026	12-12-DCS-nodeplete	CACGCAAT+ATGGAAGG	MIT BioMicro Center	MIT BMC	1	Paired-end	Illumina	NovaSeq 6000	PR-231212-DCS-R1-A1	DepletionExperiment	2024-02-09	2024-02-16	submitted to BMC	DNase I	total RNA	80.2	0.5	15	40.1	601.5	NEB Ultra II RNAseq	NEBNext Ultra II Directional RNA Library Prep Kit	PR-231212-DCS-R1	1	DCS	15	2023-12-12	B	C-231212-DCS-B1	1	3	2024-02-16	3	NA	2023-12-12	DCS	1	B	DITP	sludge	DITP combined-system sludge	2023-12-12	10:35:00	50	NA
240212Esv_6656R_D24-138027	12-12-DNI-nodeplete	GGAATGTC+GTGTTCCT	MIT BioMicro Center	MIT BMC	1	Paired-end	Illumina	NovaSeq 6000	PR-231212-DNI-R1-A1	DepletionExperiment	2024-02-09	2024-02-16	submitted to BMC	DNase I	total RNA	34.4	0.5	15	17.2	258	NEB Ultra II RNAseq	NEBNext Ultra II Directional RNA Library Prep Kit	PR-231212-DNI-R1	1	DNI	15	2023-12-12	B	C-231212-DNI-B1	1	3	2024-02-16	3	NA	2023-12-12	DNI	1	B	DITP	influent	DITP North System influent	2023-12-12	10:35:00	500	NA
240212Esv_6656R_D24-138028	12-12-DSI-nodeplete	TGGTGAAG+GCTGTAAG	MIT BioMicro Center	MIT BMC	1	Paired-end	Illumina	NovaSeq 6000	PR-231212-DSI-R1-A1	DepletionExperiment	2024-02-09	2024-02-16	submitted to BMC	DNase I	total RNA	69	0.5	15	34.5	517.5	NEB Ultra II RNAseq	NEBNext Ultra II Directional RNA Library Prep Kit	PR-231212-DSI-R1	1	DSI	15	2023-12-12	B	C-231212-DSI-B1	1	3	2024-02-16	3	R1 and R2 influent taken from different bottles	2023-12-12	DSI	1	B	DITP	influent	DITP South System influent	2023-12-12	10:35:00	500	NA
240212Esv_6656R_D24-138029	12-15-BST-nodeplete	GGACATCA+TGCAGGTA	MIT BioMicro Center	MIT BMC	1	Paired-end	Illumina	NovaSeq 6000	PR-231215-BST-R1-A1	DepletionExperiment	2024-02-09	2024-02-16	submitted to BMC	DNase I	total RNA	11.1	0.5	15	5.55	83.25	NEB Ultra II RNAseq	NEBNext Ultra II Directional RNA Library Prep Kit	PR-231215-BST-R1	1	BST	15	2023-12-15	A	C-231215-BST-B1	1	3	2024-02-16	3	NA	2023-12-15	BOS	1	A	BOS	airplane	BOS triturator inflow	2023-12-15	12:40:00	125	NA
240212Esv_6656R_D24-138030	12-15-DCS-nodeplete	GGTGTACA+TAGCGTCT	MIT BioMicro Center	MIT BMC	1	Paired-end	Illumina	NovaSeq 6000	PR-231215-DCS-R1-A1	DepletionExperiment	2024-02-09	2024-02-16	submitted to BMC	DNase I	total RNA	172	0.5	15	86	1290	NEB Ultra II RNAseq	NEBNext Ultra II Directional RNA Library Prep Kit	PR-231215-DCS-R1	1	DCS	15	2023-12-15	A	C-231215-DCS-B1	1	3	2024-02-16	3	NA	2023-12-15	DCS	1	A	DITP	sludge	DITP combined-system sludge	2023-12-15	10:35:00	50	NA
240212Esv_6656R_D24-138031	12-15-DNI-nodeplete	GATAGCCA+CTGTGTTG	MIT BioMicro Center	MIT BMC	1	Paired-end	Illumina	NovaSeq 6000	PR-231215-DNI-R1-A1	DepletionExperiment	2024-02-09	2024-02-16	submitted to BMC	DNase I	total RNA	84.2	0.5	15	42.1	631.5	NEB Ultra II RNAseq	NEBNext Ultra II Directional RNA Library Prep Kit	PR-231215-DNI-R1	1	DNI	15	2023-12-15	A	C-231215-DNI-B1	1	3	2024-02-16	3	NA	2023-12-15	DNI	1	A	DITP	influent	DITP North System influent	2023-12-15	10:35:00	500	NA
240212Esv_6656R_D24-138032	12-15-DSI-nodeplete	CCACAACA+TGTGGTAC	MIT BioMicro Center	MIT BMC	1	Paired-end	Illumina	NovaSeq 6000	PR-231215-DSI-R1-A1	DepletionExperiment	2024-02-09	2024-02-16	submitted to BMC	DNase I	total RNA	60.2	0.5	15	30.1	451.5	NEB Ultra II RNAseq	NEBNext Ultra II Directional RNA Library Prep Kit	PR-231215-DSI-R1	1	DSI	15	2023-12-15	A	C-231215-DSI-B1	1	3	2024-02-16	3	NA	2023-12-15	DSI	1	A	DITP	influent	DITP South System influent	2023-12-15	10:35:00	500	NA
240212Esv_6656R_D24-138101	12-05-BST-deplete	CGAATACG+GTCGGTAA	MIT BioMicro Center	MIT BMC	2	Paired-end	Illumina	NovaSeq 6000	PR-231205-BST-R1-A1	DepletionExperiment	2024-02-09	2024-02-16	submitted to BMC	DNase I	total RNA	7.42	0.5	15	3.71	55.65	NEB Ultra II Ribodeplete	NEBNext Ultra II Directional RNA Library Prep Kit with NEBNext rRNA Depletion Kit (Bacteria)	PR-231205-BST-R1	1	BST	15	2023-12-05	A	C-231205-BST-B1	1	3	2024-02-16	3	NA	2023-12-05	BOS	1	A	BOS	airplane	BOS triturator inflow	2023-12-05	13:10:00	250	NA
240212Esv_6656R_D24-138102	12-05-DCS-deplete	GTCCTTGA+TCAGACGA	MIT BioMicro Center	MIT BMC	2	Paired-end	Illumina	NovaSeq 6000	PR-231205-DCS-R1-A1	DepletionExperiment	2024-02-09	2024-02-16	submitted to BMC	DNase I	total RNA	190	0.5	15	95	1425	NEB Ultra II Ribodeplete	NEBNext Ultra II Directional RNA Library Prep Kit with NEBNext rRNA Depletion Kit (Bacteria)	PR-231205-DCS-R1	1	DCS	15	2023-12-05	A	C-231205-DCS-B1	1	3	2024-02-16	3	NA	2023-12-05	DCS	1	A	DITP	sludge	DITP combined-system sludge	2023-12-05	10:10:00	50	NA
240212Esv_6656R_D24-138103	12-05-DNI-deplete	CAGTGCTT+ACCTGGAA	MIT BioMicro Center	MIT BMC	2	Paired-end	Illumina	NovaSeq 6000	PR-231205-DNI-R1-A1	DepletionExperiment	2024-02-09	2024-02-16	submitted to BMC	DNase I	total RNA	204	0.5	15	102	1530	NEB Ultra II Ribodeplete	NEBNext Ultra II Directional RNA Library Prep Kit with NEBNext rRNA Depletion Kit (Bacteria)	PR-231205-DNI-R1	1	DNI	15	2023-12-05	A	C-231205-DNI-B1	1	3	2024-02-16	3	NA	2023-12-05	DNI	1	A	DITP	influent	DITP North System influent	2023-12-05	10:10:00	500	NA
240212Esv_6656R_D24-138105	12-08-BST-deplete	GTCGATTG+ACGGTCTT	MIT BioMicro Center	MIT BMC	2	Paired-end	Illumina	NovaSeq 6000	PR-231208-BST-R1-A1	DepletionExperiment	2024-02-09	2024-02-16	submitted to BMC	DNase I	total RNA	16.4	0.5	15	8.2	123	NEB Ultra II Ribodeplete	NEBNext Ultra II Directional RNA Library Prep Kit with NEBNext rRNA Depletion Kit (Bacteria)	PR-231208-BST-R1	1	BST	15	2023-12-08	B	C-231208-BST-B1	1	3	2024-02-16	3	NA	2023-12-08	BOS	1	B	BOS	airplane	BOS triturator inflow	2023-12-08	12:15:00	250	NA
240212Esv_6656R_D24-138106	12-08-DCS-deplete	ATAACGCC+TGAACCTG	MIT BioMicro Center	MIT BMC	2	Paired-end	Illumina	NovaSeq 6000	PR-231208-DCS-R1-A1	DepletionExperiment	2024-02-09	2024-02-16	submitted to BMC	DNase I	total RNA	80.2	0.5	15	40.1	601.5	NEB Ultra II Ribodeplete	NEBNext Ultra II Directional RNA Library Prep Kit with NEBNext rRNA Depletion Kit (Bacteria)	PR-231208-DCS-R1	1	DCS	15	2023-12-08	B	C-231208-DCS-B1	1	3	2024-02-16	3	NA	2023-12-08	DCS	1	B	DITP	sludge	DITP combined-system sludge	2023-12-08	10:15:00	50	NA
240212Esv_6656R_D24-138107	12-08-DNI-deplete	GCCTTAAC+AGCTCCTA	MIT BioMicro Center	MIT BMC	2	Paired-end	Illumina	NovaSeq 6000	PR-231208-DNI-R1-A1	DepletionExperiment	2024-02-09	2024-02-16	submitted to BMC	DNase I	total RNA	82	0.5	15	41	615	NEB Ultra II Ribodeplete	NEBNext Ultra II Directional RNA Library Prep Kit with NEBNext rRNA Depletion Kit (Bacteria)	PR-231208-DNI-R1	1	DNI	15	2023-12-08	B	C-231208-DNI-B1	1	3	2024-02-16	3	NA	2023-12-08	DNI	1	B	DITP	influent	DITP North System influent	2023-12-08	10:15:00	500	NA
240212Esv_6656R_D24-138108	12-08-DSI-deplete	GGTATAGG+CTGGAGTA	MIT BioMicro Center	MIT BMC	2	Paired-end	Illumina	NovaSeq 6000	PR-231208-DSI-R1-A1	DepletionExperiment	2024-02-09	2024-02-16	submitted to BMC	DNase I	total RNA	57.8	0.5	15	28.9	433.5	NEB Ultra II Ribodeplete	NEBNext Ultra II Directional RNA Library Prep Kit with NEBNext rRNA Depletion Kit (Bacteria)	PR-231208-DSI-R1	1	DSI	15	2023-12-08	B	C-231208-DSI-B1	1	3	2024-02-16	3	NA	2023-12-08	DSI	1	B	DITP	influent	DITP South System influent	2023-12-08	10:15:00	500	NA
240212Esv_6656R_D24-138109	12-12-BST-deplete	TCTAGGAG+AGGTCACT	MIT BioMicro Center	MIT BMC	2	Paired-end	Illumina	NovaSeq 6000	PR-231212-BST-R1-A1	DepletionExperiment	2024-02-09	2024-02-16	submitted to BMC	DNase I	total RNA	5.18	0.5	15	2.59	38.849999999999994	NEB Ultra II Ribodeplete	NEBNext Ultra II Directional RNA Library Prep Kit with NEBNext rRNA Depletion Kit (Bacteria)	PR-231212-BST-R1	1	BST	15	2023-12-12	B	C-231212-BST-B1	1	3	2024-02-16	3	NA	2023-12-12	BOS	1	B	BOS	airplane	BOS triturator inflow	2023-12-12	12:55:00	250	NA
240212Esv_6656R_D24-138110	12-12-DCS-deplete	TGCGTAAC+GATAGGCT	MIT BioMicro Center	MIT BMC	2	Paired-end	Illumina	NovaSeq 6000	PR-231212-DCS-R1-A1	DepletionExperiment	2024-02-09	2024-02-16	submitted to BMC	DNase I	total RNA	80.2	0.5	15	40.1	601.5	NEB Ultra II Ribodeplete	NEBNext Ultra II Directional RNA Library Prep Kit with NEBNext rRNA Depletion Kit (Bacteria)	PR-231212-DCS-R1	1	DCS	15	2023-12-12	B	C-231212-DCS-B1	1	3	2024-02-16	3	NA	2023-12-12	DCS	1	B	DITP	sludge	DITP combined-system sludge	2023-12-12	10:35:00	50	NA
240212Esv_6656R_D24-138111	12-12-DNI-deplete	CTTGCTAG+GGAGATGA	MIT BioMicro Center	MIT BMC	2	Paired-end	Illumina	NovaSeq 6000	PR-231212-DNI-R1-A1	DepletionExperiment	2024-02-09	2024-02-16	submitted to BMC	DNase I	total RNA	34.4	0.5	15	17.2	258	NEB Ultra II Ribodeplete	NEBNext Ultra II Directional RNA Library Prep Kit with NEBNext rRNA Depletion Kit (Bacteria)	PR-231212-DNI-R1	1	DNI	15	2023-12-12	B	C-231212-DNI-B1	1	3	2024-02-16	3	NA	2023-12-12	DNI	1	B	DITP	influent	DITP North System influent	2023-12-12	10:35:00	500	NA
240212Esv_6656R_D24-138113	12-15-BST-deplete	TATGGCAC+TCTCGCAA	MIT BioMicro Center	MIT BMC	2	Paired-end	Illumina	NovaSeq 6000	PR-231215-BST-R1-A1	DepletionExperiment	2024-02-09	2024-02-16	submitted to BMC	DNase I	total RNA	11.1	0.5	15	5.55	83.25	NEB Ultra II Ribodeplete	NEBNext Ultra II Directional RNA Library Prep Kit with NEBNext rRNA Depletion Kit (Bacteria)	PR-231215-BST-R1	1	BST	15	2023-12-15	A	C-231215-BST-B1	1	3	2024-02-16	3	NA	2023-12-15	BOS	1	A	BOS	airplane	BOS triturator inflow	2023-12-15	12:40:00	125	NA
240212Esv_6656R_D24-138114	12-15-DCS-deplete	GAATCACC+CTTCGTTC	MIT BioMicro Center	MIT BMC	2	Paired-end	Illumina	NovaSeq 6000	PR-231215-DCS-R1-A1	DepletionExperiment	2024-02-09	2024-02-16	submitted to BMC	DNase I	total RNA	172	0.5	15	86	1290	NEB Ultra II Ribodeplete	NEBNext Ultra II Directional RNA Library Prep Kit with NEBNext rRNA Depletion Kit (Bacteria)	PR-231215-DCS-R1	1	DCS	15	2023-12-15	A	C-231215-DCS-B1	1	3	2024-02-16	3	NA	2023-12-15	DCS	1	A	DITP	sludge	DITP combined-system sludge	2023-12-15	10:35:00	50	NA
240212Esv_6656R_D24-138115	12-15-DNI-deplete	GTAAGGTG+GCAATTCG	MIT BioMicro Center	MIT BMC	2	Paired-end	Illumina	NovaSeq 6000	PR-231215-DNI-R1-A1	DepletionExperiment	2024-02-09	2024-02-16	submitted to BMC	DNase I	total RNA	84.2	0.5	15	42.1	631.5	NEB Ultra II Ribodeplete	NEBNext Ultra II Directional RNA Library Prep Kit with NEBNext rRNA Depletion Kit (Bacteria)	PR-231215-DNI-R1	1	DNI	15	2023-12-15	A	C-231215-DNI-B1	1	3	2024-02-16	3	NA	2023-12-15	DNI	1	A	DITP	influent	DITP North System influent	2023-12-15	10:35:00	500	NA
240212Esv_6656R_D24-138116	12-15-DSI-deplete	CGAGAGAA+TCTCTTCC	MIT BioMicro Center	MIT BMC	2	Paired-end	Illumina	NovaSeq 6000	PR-231215-DSI-R1-A1	DepletionExperiment	2024-02-09	2024-02-16	submitted to BMC	DNase I	total RNA	60.2	0.5	15	30.1	451.5	NEB Ultra II Ribodeplete	NEBNext Ultra II Directional RNA Library Prep Kit with NEBNext rRNA Depletion Kit (Bacteria)	PR-231215-DSI-R1	1	DSI	15	2023-12-15	A	C-231215-DSI-B1	1	3	2024-02-16	3	NA	2023-12-15	DSI	1	A	DITP	influent	DITP South System influent	2023-12-15	10:35:00	500	NA
